/Users/virulana/Downloads/intercom-export/.venv/lib/python3.9/site-packages/urllib3/__init__.py:35: NotOpenSSLWarning: urllib3 v2 only supports OpenSSL 1.1.1+, currently the 'ssl' module is compiled with 'LibreSSL 2.8.3'. See: https://github.com/urllib3/urllib3/issues/3020
  warnings.warn(
ERROR:root:Mixpanel JQL query failed: 429 Client Error: Too Many Requests for url: https://mixpanel.com/api/query/jql
Analyzing events for company 37316230240 from 2025-05-01 to 2025-05-31
MIXPANEL_USERNAME: mcp.d5bde3.mp-service-account
MIXPANEL_PASSWORD: ***
MIXPANEL_PROJECT_ID: 2201475

Fetching company events... (this may take a minute)

--- Mixpanel JQL Request Debug ---
URL: https://mixpanel.com/api/query/jql
Auth Username: mcp.d5bde3.mp-service-account
Payload: {
  "script": "\n    function main() {\n        // Get events for this company\n        return Events({\n            from_date: \"2025-05-01\",\n            to_date: \"2025-05-31\"\n        })\n        .filter(function(event) {\n            return (\n                (event.properties[\"$groups\"] && \n                 event.properties[\"$groups\"][\"Company\"] === \"37316230240\") ||\n                event.properties[\"idEmpresa\"] === \"37316230240\" ||\n                event.properties[\"company_id\"] === \"37316230240\" ||\n                (event.properties[\"company\"] && \n                 (event.properties[\"company\"] === \"37316230240\" || \n                  (Array.isArray(event.properties[\"company\"]) && \n                   event.properties[\"company\"].indexOf(\"37316230240\") >= 0)))\n            );\n        })\n        .groupBy([\"name\"], mixpanel.reducer.count())\n        .map(function(result) {\n            return {\n                event_name: result.key[0],\n                count: result.value\n            };\n        });\n    }\n    ",
  "project_id": "2201475"
}
-------------------------------

Response status code: 429
Response text: {"request": "/api/query/jql", "error": "Query rate limit exceeded for project_id: 2201475. 1/5 queries running concurrently and 61/60 queries running in the last hour. For more information, please consult our documentation at https://help.mixpanel.com/hc/en-us/articles/115004602563-Rate-Limits-for-Export-API-Endpoints"}
Error details: 429 Client Error: Too Many Requests for url: https://mixpanel.com/api/query/jql
Error analyzing company events: 429 Client Error: Too Many Requests for url: https://mixpanel.com/api/query/jql
